Sure! Here is a dataset of questions and answers about Matplotlib, a popular data visualization library in Python:

<s>[INST] What is Matplotlib used for? [/INST] Matplotlib is a plotting library used for creating static, interactive, and animated visualizations in Python. It offers a wide range of plot types, customization options, and tools to work with.</s>,

<s>[INST] How do I install Matplotlib? [/INST] You can install Matplotlib using the pip package installer. Open your terminal or command prompt and run the following command: "pip install matplotlib". This will download and install Matplotlib and its dependencies.</s>,

<s>[INST] How do I import Matplotlib? [/INST] To import Matplotlib, use the following import statement at the beginning of your Python script: "import matplotlib.pyplot as plt". This will allow you to access the plotting functions and methods provided by Matplotlib using the "plt" alias.</s>,

<s>[INST] How do I create a simple line plot? [/INST] To create a simple line plot, you can use the plt.plot() function. Here's an example: "plt.plot([1, 2, 3, 4, 5], [10, 5, 8, 3, 7])". This will plot the data points (1, 10), (2, 5), (3, 8), (4, 3), and (5, 7) as a line graph.</s>,

<s>[INST] How do I add labels and a title to my plot? [/INST] You can add labels to your plot using the plt.xlabel() and plt.ylabel() functions, and a title using plt.title(). For example: "plt.xlabel('X-axis Label')", "plt.ylabel('Y-axis Label')", "plt.title('My Plot')". These functions should be called after creating your plot.</s>,

<s>[INST] How do I change the line color and marker style? [/INST] You can specify the color and marker style when calling the plt.plot() function. For example: "plt.plot([1, 2, 3], [4, 5, 6], color='red', marker='o')". This will plot the data points with red circular markers connected by lines.</s>,

<s>[INST] How do I create a bar graph? [/INST] To create a bar graph, you can use the plt.bar() function. For example: "plt.bar(['Apples', 'Bananas', 'Cherries'], [5, 3, 8])". This will create a bar graph with bars representing the number of apples, bananas, and cherries.</s>,

<s>[INST] How do I save my plot as an image file? [/INST] You can save your plot as an image file using the plt.savefig() function. For example: "plt.savefig('my_plot.png')". This will save the current plot as a PNG image file named "my_plot.png" in the current working directory.</s>,

<s>[INST] How do I create a pie chart? [/INST] To create a pie chart, you can use the plt.pie() function. For example: "labels = ['Category A', 'Category B', 'Category C']", "sizes = [30, 40, 20]", "plt.pie(sizes, labels=labels, autopct='%1.1f%%')". This will create a pie chart showing the proportions of each category.</s>,

<s>[INST] How can I customize the font size and style of the text in my plot? [/INST] You can customize the font size and style using the plt.rcParams update dictionary. For example: "plt.rcParams.update({'font.size': 12, 'font.family': 'Arial'})". This will set the font size to 12 and the font family to Arial for all text elements in the plot.</s>,

<s>[INST] How do I create a scatter plot? [/INST] To create a scatter plot, you can use the plt.scatter() function. For example: "plt.scatter([1, 2, 3], [4, 5, 6], color='blue', marker='^')". This will create a scatter plot with blue triangular markers at the specified data points.</s>,
