<s>[INST] What is Pandas used for in data analysis? [/INST] Pandas is a powerful data manipulation and analysis library in Python. It provides data structures and functions needed to manipulate structured data.</s>,

<s>[INST] How do I import the Pandas library? [/INST] You can import the Pandas library by using the import statement: import pandas as pd. The alias pd is commonly used to reference the Pandas library.</s>,

<s>[INST] What are the main data structures in Pandas? [/INST] The two main data structures in Pandas are Series and DataFrame. A Series is a one-dimensional labeled array capable of holding any data type. A DataFrame is a two-dimensional labeled data structure with columns that can be of different types.</s>,

<s>[INST] How do I create a Pandas DataFrame? [/INST] You can create a Pandas DataFrame by using the pd.DataFrame() constructor. You can create an empty DataFrame or provide data, such as a dictionary, a 2D numpy array, or another DataFrame.</s>,

<s>[INST] How do I select columns from a Pandas DataFrame? [/INST] You can select columns from a DataFrame using square bracket notation. For example, to select the 'name' column, you would use df['name']. You can also select multiple columns by providing a list of column names: df[['name', 'age']]</s>,

<s>[INST] How do I filter rows in a Pandas DataFrame? [/INST] You can filter rows in a DataFrame based on a condition. For example, to select rows where the 'age' column is greater than 25, you would use: df[df['age'] > 25]</s>,

<s>[INST] What is the difference between df.head() and df.tail()? [/INST] df.head() returns the first 5 rows of the DataFrame by default, providing a quick way to inspect the data. df.tail() returns the last 5 rows by default, useful for checking the most recent data.</s>,

<s>[INST] How do I handle missing data in Pandas? [/INST] Pandas provides several ways to handle missing data. Common methods include dropping rows with missing data using df.dropna() or filling missing values with a specific value using df.fillna().</s>,

<s>[INST] Can I apply functions to data in Pandas? [/INST] Yes, you can apply functions to data in Pandas using the apply() function. For example, df['age'].apply(lambda x: x*2) would double the values in the 'age' column.</s>,

<s>[INST] How do I group data and calculate aggregates in Pandas? [/INST] You can use the groupby() function to group data by one or more columns and then apply aggregate functions. For example, df.groupby('name').mean() would calculate the mean of all numeric columns for each unique name.</s>,

<s>[INST] How do I merge or join DataFrames in Pandas? [/INST] Pandas provides several methods to combine DataFrames, including merge() and join(). These functions allow you to combine data based on common columns or indexes, similar to SQL joins.</s>,

<s>[INST] What is the purpose of the "try-except" block in Python? [/INST] The "try-except" block in Python is used for error handling. It allows you to define a block of code that might raise an exception, and then specify the action to be taken if an exception occurs. </s>,

<s>[INST] How do you define a class in Python? [/INST] In Python, you define a class using the "class" keyword. A class is a blueprint for creating objects that contain attributes (variables) and methods (functions). For example:

class MyClass:
    def __init__(self, value):
        self.value = value

    def display(self):
        print(self.value)

</s>,

<s>[INST] What is a "list comprehension" in Python? [/INST] A list comprehension in Python is a concise way to create a new list by applying an expression to each item in an existing iterable (such as a list, tuple, or string). It has the form:

new_list = [expression for item in iterable if condition]

For example, to create a list of squares of numbers from 1 to 5:

squares = [i**2 for i in range(1, 6)]
</s>,

<s>[INST] How do you create a shallow copy of a list? [/INST] You can create a shallow copy of a list using the "copy() "method or the "slicing notation [:]. " For example:

original_list = [1, 2, 3]
shallow_copy = original_list.copy()  # or shallow_copy = original_list[:]
</s>,

<s>[INST] What is the difference between "is" and "==" in Python? [/INST] In Python, "is" compares the identity of two objects, while "==" compares their values. "is" returns True if both variables refer to the same object in memory, while "==" returns True if the values of the variables are equal. For example:

a = [1, 2, 3]
b = a  # b refers to the same list as a

a is b  # True
a == b  # True

c = [1, 2, 3]

a is c  # False (different objects)
a == c  # True (same values)
</s>,

<s>[INST] What is a decorator in Python and how does it work? [/INST] A decorator is a higher-order function that takes another function, extends its behavior, and returns the new function. Decorators allow you to modify or enhance the behavior of a function without changing its original code. They are often used to add functionality to existing functions, such as logging, caching, or authentication. The @symbol is used to define a decorator in Python. </s>,

<s> [INST] How can you implement function memoization in Python? [/INST] Function memoization is a technique used to optimize functions by storing the results of expensive function calls and returning the cached result when the same inputs occur again. You can implement memoization in Python by using a dictionary to store the computed results. The function then checks if the result for a given input is already in the cache before performing the computation again. </s>,

<s> [INST] Explain the concept of context managers and how they are used in Python. [/INST] A context manager is an object that defines the runtime context for a block of code. It allows you to allocate and release resources automatically, ensuring proper cleanup even in the presence of exceptions. Context managers are commonly used with the with statement in Python and are often employed for managing file handles, database connections, and locking mechanisms. </s>,

<s> [INST] How can you create and use custom exceptions in Python? [/INST] Custom exceptions allow you to define your own exception classes and raise them in specific situations. To create a custom exception, you subclass the built-in Exception class or one of its derivatives. You can then raise the custom exception using the raise statement. Custom exceptions are useful for providing more meaningful error messages and handling specific error scenarios in your code. </s>,

<s> [INST] Explain the purpose of the *args and **kwargs syntax in Python functions. [/INST] The *args and **kwargs syntax is used in Python functions to allow for variable-length argument lists. args is used to pass a non-keyworded, variable-length argument list, while kwargs allows you to pass keyworded, variable-length arguments. They provide flexibility in function definitions, allowing you to handle a varying number of arguments or keyword arguments in a convenient manner. </s>,

<s> [INST] How can you implement a simple web server using Python? [/INST] You can implement a simple web server in Python using the HTTP server module from the standard library. You can create a basic HTTP server by creating a subclass of HTTPServer and handling requests in the handle_request method. You can also use frameworks like Flask or Django to build more complex web applications. </s>,

<s> [INST] Explain the concept of metaclasses in Python and provide an example of their usage. [/INST] Metaclasses are classes of classes and provide a way to intervene in the process of creating new classes. They allow you to customize class creation by defining behavior that occurs when a class is defined. To create a metaclass, you subclass the type class or another metaclass. Metaclasses are often used for implementing frameworks, automating boilerplate code, and providing additional class-level functionality. </s>,

<s> [INST] How can you profile and optimize Python code for better performance? [/INST] Profiling Python code involves analyzing its execution to identify performance bottlenecks. Tools like cProfile and line_profiler can help identify slow parts of your code. Optimization techniques include algorithm improvements, using built-in functions, optimizing data structures, and utilizing C extensions or just-in-time compilers like Numba. </s>,

<s> [INST] Explain the Global Interpreter Lock (GIL) in Python and its implications. [/INST] The Global Interpreter Lock is a mutex in Python that allows only one thread to execute in the interpreter at a time. It prevents multiple native threads from executing Python bytecodes simultaneously. The GIL simplifies memory management and reduces the need for thread synchronization, but it can limit the performance of multi-threaded applications, especially those with I/O-bound operations. </s>,

<s> [INST] How can you implement multithreading and multiprocessing in Python? [/INST] Multithreading and multiprocessing are techniques to achieve concurrency in Python. Multithreading is achieved using the threading module, where each thread shares the same memory space. Multiprocessing, on the other hand, spawns multiple processes and is achieved using the multiprocessing module. Multiprocessing is often preferred for CPU-bound tasks, while multithreading is useful for I/O-bound tasks. </s>,

<s>[INST] What is Python? [/INST] Python is a high-level, general-purpose programming language that has a design philosophy which emphasizes code readability and uses significant whitespace. It provides constructs that enable clear programming on both small and large scales. </s>,

<s>[INST] What are variables in Python? [/INST] Variables are names given to data storage locations which can be used to store data values. In Python, variables do not need to be declared before using them and they can store data of different types. </s>,

<s>[INST] How do you assign values to variables in Python? [/INST] You can assign a value to a variable using the equals sign (=). For example, x = 10 assigns the value 10 to the variable x. </s>,

<s>[INST] What are data types in Python? [/INST] Data types refer to the different types of data that can be stored and processed in Python. Some common data types include integers (e.g., 1, 2, 3), floating-point numbers (e..g., 1.5, 3.14), strings (e.g., "hello", "world"), booleans (True/False), and lists (e.g., [1, 2, 3]). </s>,

<s>[INST] How do you create a list in Python? [/INST] You can create a list by enclosing a collection of items within square brackets and separating them with commas. For example, my_list = [1, 2, 3, "apple", True] creates a list with different data types. </s>,

<s>[INST] What is a function in Python? [/INST] A function is a reusable block of code that performs a specific task. It can be defined using the def keyword, followed by the function name and parentheses. You can call a function by using its name followed by parentheses. </s>,

<s>[INST] How do you define a function in Python? [/INST] To define a function, you use the def keyword, followed by the function name, parentheses, and a colon. The code inside the function should be indented. For example, def greet(name): print("Hello, " + name) defines a function that greets a person by their name. </s>,

<s>[INST] What is an if statement in Python? [/INST] An if statement is used for making decisions in a program. It allows the program to execute certain code blocks based on specified conditions. The syntax is if condition: followed by the code to be executed if the condition is true. </s>,

<s>[INST] What is a for loop in Python? [/INST] A for loop is used to iterate over a sequence (such as a list, tuple, or string) or other iterable objects. It allows you to execute a block of code for each item in the sequence. The syntax is for item in sequence: followed by the indented code block. </s>,

<s>[INST] How do you comment code in Python? [/INST] You can add comments to your code by using the hashtag symbol (#). Comments are ignored by the Python interpreter and are meant for human readers to provide explanations or clarify code logic. </s>,

<s>[INST] What is an index in Python? [/INST] An index refers to the position of an element in a sequence, such as a list, tuple, or string. Indexing starts from 0, so the first element has an index of 0, the second element has an index of 1, and so on. </s>,

<s>[INST] What is a web framework? [/INST] A web framework is a collection of tools, libraries, and conventions that help developers build web applications. It provides a structure and predefined code for common tasks such as handling HTTP requests, managing databases, and rendering templates. Examples of popular web frameworks for Python include Django and Flask. </s>,

<s>[INST] How do you create a simple web server using Python? [/INST] You can create a simple web server in Python using the HTTP server module. Here's an example code snippet: 

```python
import http.server
import socketserver

port = 8000

handler = http.server.SimpleHTTPRequestHandler

with socketserver.TCPServer(("", port), handler) as httpd:
    print("Serving at port", port)
    httpd.serve_forever()
```

This code sets up a basic HTTP server on port 8000 and serves files from the current directory. You can access the server by navigating to `http://localhost:8000` in your web browser. </s>,

<s>[INST] What is the difference between a class-based view (CBV) and a function-based view (FBV) in Django? [/INST] In Django, class-based views (CBVs) are a more structured and reusable approach to handling HTTP requests. They provide a class-based interface and offer more flexibility and modularity compared to function-based views (FBVs). CBVs allow for code organization, easier customization, and the ability to handle more complex logic. FBVs, on the other hand, are simpler and more straightforward, consisting of standalone functions that directly handle requests and responses. They are suitable for simpler use cases and can be easier to understand for beginners. </s>,

<s>[INST] How do you handle form data in a Flask application? [/INST] In a Flask application, you can handle form data by using the `request.form` dictionary. Here's an example: 

```python
from flask import Flask, request, render_template

app = Flask(__name__)

@app.route('/', methods=['GET', 'POST'])
def index():
    if request.method == 'POST':
        name = request.form['name']
        return f'Hello, {name}!'
    return render_template('index.html')

if __name__ == '__main__':
    app.run()
```

In this example, the `index` route handles both GET and POST requests. If a POST request is made (indicating form submission), it retrieves the value of the 'name' field from the form data and returns a personalized greeting. For GET requests, it renders an HTML template (`index.html`) that contains the form. </s>,

<s>[INST] What is the purpose of a URL router in web development? [/INST] A URL router, or a URL dispatcher, is responsible for mapping URLs to specific functions or resources. It examines the requested URL and determines which function or resource should handle the request. This allows for dynamic and flexible handling of different URLs within a web application. In Python web frameworks like Django and Flask, URL routing is a fundamental concept used to define how different URLs are mapped to corresponding views or functions. </s>,

<s>[INST] What is NumPy in Python used for? [/INST] NumPy is a powerful Python library used for numerical computations, especially for multi-dimensional arrays and matrices. It provides a convenient and efficient way to handle large datasets and perform mathematical operations on them. </s>,

<s>[INST] How do I create a NumPy array? [/INST] You can create a NumPy array by using the numpy.array() function. For example, to create a one-dimensional array, you can pass a list of values as an argument. Here's an example: import numpy as np; my_array = np.array([1, 2, 3, 4, 5]) </s>,

<s>[INST] Can I convert a NumPy array to a Python list? [/INST] Yes, you can convert a NumPy array to a Python list by using the list() function or the tolist() method provided by NumPy. For example: my_list = list(my_array) or my_list = my_array.tolist() </s>,

<s>[INST] What are the advantages of using NumPy arrays over Python lists? [/INST] NumPy arrays offer several advantages over Python lists, including efficiency in terms of memory usage and speed of operations. NumPy arrays are more compact and allow for faster element-wise operations. They also provide a rich set of mathematical functions and support for multi-dimensional arrays, making them ideal for numerical computations. </s>,

<s>[INST] How can I perform element-wise operations on NumPy arrays? [/INST] NumPy arrays support element-wise operations using standard arithmetic operators. For example, if you have two arrays a and b, you can add them element-wise using the + operator: c = a + b. This will create a new array c with the result of the element-wise addition. Similar operations can be performed for subtraction, multiplication, and division. </s>,

<s>[INST] How do I reshape a NumPy array? [/INST] You can reshape a NumPy array using the reshape() method. For example, if you have a one-dimensional array and want to convert it into a two-dimensional matrix, you can specify the new shape as arguments. Here's an example: import numpy as np; my_array = np.array([1, 2, 3, 4, 5, 6]); new_matrix = my_array.reshape(2, 3) </s>,

<s>[INST] Can I perform filtering operations on NumPy arrays? [/INST] Yes, NumPy arrays support filtering operations. You can use boolean indexing to filter elements based on a condition. For example, if you want to select elements greater than a certain value, you can create a boolean mask and use it to index the array. Here's an example: filtered_array = my_array[my_array > 3] </s>,

<s>[INST] How do I handle missing data in NumPy arrays? [/INST] NumPy provides functions to handle missing data in arrays. You can use functions like numpy.isnan() to check for missing values (NaN - Not a Number) and then use indexing or functions like numpy.nanmean() to calculate statistics while ignoring the missing data. </s>,

<s>[INST] Can I stack or concatenate multiple NumPy arrays? [/INST] Yes, you can stack or concatenate multiple NumPy arrays along different axes. NumPy provides functions like numpy.stack(), numpy.concatenate(), and numpy.vstack() (for vertical stacking) to combine arrays. The specific function to use depends on the desired arrangement of the arrays. </s>,

<s>[INST] How do I perform statistical operations on NumPy arrays? [/INST] NumPy offers a wide range of statistical functions to calculate measures such as mean, median, standard deviation, minimum, and maximum. You can use functions like numpy.mean(), numpy.median(), numpy.std(), numpy.min(), and numpy.max() to perform these calculations on the entire array or along specific axes. </s>,

<s>[INST] Are there any built-in functions in NumPy for linear algebra operations? [/INST] Yes, NumPy provides a comprehensive set of functions for linear algebra operations. The numpy.linalg module includes functions for matrix and vector products, solving linear systems of equations, calculating determinants, finding eigenvalues and eigenvectors, and more. </s>,

<s>[INST] What is scikit-learn? [/INST] Scikit-learn is a popular open-source machine learning library for Python. It provides a wide range of supervised and unsupervised learning algorithms and tools for model fitting, data preprocessing, model selection and evaluation, and many other utilities. </s>,

<s>[INST] How do I install scikit-learn? [/INST] You can install scikit-learn by running "pip install scikit-learn" in your command prompt or terminal. This will download and install the library and its dependencies. </s>,

<s>[INST] What are the key features of scikit-learn? [/INST] Some key features of scikit-learn include:
- A simple and consistent interface to machine learning models
- Efficient and scalable algorithms for datasets of various sizes
- Tools for data preprocessing, feature extraction, and selection
- Options for model tuning and evaluation, including cross-validation and grid search
- Support for composite models, including pipelines and feature unions
- Availability of both in-memory and out-of-core learning algorithms </s>,

<s>[INST] What types of machine learning models does scikit-learn support? [/INST] Scikit-learn provides implementations of a wide range of machine learning models, including:
- Supervised learning algorithms: linear regression, logistic regression, support vector machines (SVM), decision trees, random forests, k-nearest neighbors (KNN), neural networks, and more.
- Unsupervised learning algorithms: clustering (e.g., k-means, hierarchical clustering), dimensionality reduction (e.g., PCA, t-SNE), density estimation, and outlier detection.
- Ensemble methods: bagging, boosting (e.g., AdaBoost), stacking, and voting classifiers.
- Gaussian Processes: regression and classification with probabilistic predictions. </s>,

<s>[INST] How do I load data into scikit-learn? [/INST] You can load data into scikit-learn using various methods, depending on the format of your data. Common ways include:
- Using "load_csv" to load data from CSV files.
- Using "load_excel" to load data from Excel spreadsheets.
- Loading data from NumPy arrays or Pandas DataFrames directly into scikit-learn data structures like arrays, sparse matrices, or data frames. </s>,

<s>[INST] What are the steps to build a machine learning model using scikit-learn? [/INST] Building a machine learning model using scikit-learn typically involves the following steps:
- Importing the necessary libraries and modules.
- Loading and preprocessing the data (e.g., handling missing values, feature scaling).
- Splitting the data into training and test sets.
- Choosing an appropriate machine learning model.
- Training the model on the training data using the "fit" method.
- Making predictions on the test data using the "predict" or "predict_proba" methods.
- Evaluating the model's performance using various metrics (e.g., accuracy, precision, recall).
- Tuning the model's hyperparameters using techniques like cross-validation and grid search. </s>,

<s>[INST] How do I evaluate the performance of a classifier in scikit-learn? [/INST] Scikit-learn provides several metrics and tools to evaluate the performance of a classifier. Common evaluation metrics include accuracy, precision, recall, F1 score, and ROC AUC. You can also use cross-validation to get a more robust estimate of your model's performance. For example:

```python
from sklearn.model_selection import cross_val_score
from sklearn.svm import SVC
from sklearn.datasets import load_iris

# Load the Iris dataset
iris = load_iris()
X, y = iris.data, iris.target

# Create an SVM classifier
svm = SVC(kernel='linear', C=1)

# Evaluate the classifier using 5-fold cross-validation
scores = cross_val_score(svm, X, y, cv=5)
print("Cross-validation scores:", scores)
```

In this example, "cross_val_score" is used to evaluate the SVM classifier's performance using 5-fold cross-validation. The function returns an array of scores, and you can compute the mean and standard deviation to get an estimate of the model's performance. </s>,

<s>[INST] How do I perform feature scaling in scikit-learn? [/INST] Feature scaling is an important preprocessing step in many machine learning algorithms. Scikit-learn provides the "StandardScaler" class in the "preprocessing" module to perform feature scaling. Here's an example:

```python
from sklearn.preprocessing import StandardScaler

# Create a StandardScaler object
scaler = StandardScaler()

# Assume 'X_train' and 'X_test' are your training and test feature matrices
# Fit and transform the training data
X_train_scaled = scaler.fit_transform(X_train)
# Transform the test data using the fitted scaler
X_test_scaled = scaler.transform(X_test)
```

In this example, the "fit_transform" method is used to fit the scaler to the training data and transform it simultaneously. For the test data, only the "transform" method is used since the scaler has already been fitted. </s>,

<s>[INST] How do I handle missing data in scikit-implearn? [/INST] Scikit-learn provides several ways to handle missing data. One common approach is to use the "SimpleImputer" class from the "impute" module. Here's an example:

```python
from sklearn.impute import SimpleImputer

# Create a SimpleImputer object to replace missing values with the mean
imputer = SimpleImputer(strategy='mean')

# Assume 'X_train' and 'X_test' are your training and test feature matrices with missing values
# Fit and transform the training data
X_train_imputed = imputer.fit_transform(X_train)
# Transform the test data using the fitted imputer
X_test_imputed = imputer.transform(X_test)
```

In this example, missing values in the feature matrices are imputed with the mean of the respective feature. You can also use other strategies like imputing with the median or a constant value. </s>,

<s>[INST] What is grid search cross-validation in scikit-learn? [/INST] Grid search cross-validation is a technique used to find the best combination of hyperparameters for a machine learning model. It involves systematically searching through a specified subset of hyperparameters, evaluating the model's performance for each combination using cross-validation, and returning the best-performing set of hyperparameters. Here's an example:

```python
from sklearn.model_selection import GridSearchCV
from sklearn.svm import SVC
from sklearn.datasets import load_iris

# Load the Iris dataset
iris = load_iris()
X, y = iris.data, iris.target

# Create an SVM classifier
svm = SVC()

# Define the parameter grid to search over
param_grid = {'C': [0.1, 1, 10, 100], 'kernel': ['linear', 'rbf']}

# Create the grid search object
grid_search = GridSearchCV(svm, param_grid, cv=5)

# Fit the grid search to the data
grid_search.fit(X, y)

# Print the best parameters and score
print("Best parameters: ", grid_search.best_params_)
print("Best score: {:.2f}".format(grid_search.best_score_))
```

In this example, "GridSearchCV" is used to search through different values of the 'C' parameter and the 'kernel' type for an SVM classifier. The 'cv' parameter specifies the number of folds for cross-validation. The "fit" method performs the grid search and cross-validation, and you can access the best parameters and score using the "best_params_" and "best_score_" attributes. </s>,

<s>[INST] What is Matplotlib used for? [/INST] Matplotlib is a plotting library used for creating static, interactive, and animated visualizations in Python. It offers a wide range of plot types, customization options, and tools to work with.</s>,

<s>[INST] How do I install Matplotlib? [/INST] You can install Matplotlib using the pip package installer. Open your terminal or command prompt and run the following command: "pip install matplotlib". This will download and install Matplotlib and its dependencies.</s>,

<s>[INST] How do I import Matplotlib? [/INST] To import Matplotlib, use the following import statement at the beginning of your Python script: "import matplotlib.pyplot as plt". This will allow you to access the plotting functions and methods provided by Matplotlib using the "plt" alias.</s>,

<s>[INST] How do I create a simple line plot? [/INST] To create a simple line plot, you can use the plt.plot() function. Here's an example: "plt.plot([1, 2, 3, 4, 5], [10, 5, 8, 3, 7])". This will plot the data points (1, 10), (2, 5), (3, 8), (4, 3), and (5, 7) as a line graph.</s>,

<s>[INST] How do I add labels and a title to my plot? [/INST] You can add labels to your plot using the plt.xlabel() and plt.ylabel() functions, and a title using plt.title(). For example: "plt.xlabel('X-axis Label')", "plt.ylabel('Y-axis Label')", "plt.title('My Plot')". These functions should be called after creating your plot.</s>,

<s>[INST] How do I change the line color and marker style? [/INST] You can specify the color and marker style when calling the plt.plot() function. For example: "plt.plot([1, 2, 3], [4, 5, 6], color='red', marker='o')". This will plot the data points with red circular markers connected by lines.</s>,

<s>[INST] How do I create a bar graph? [/INST] To create a bar graph, you can use the plt.bar() function. For example: "plt.bar(['Apples', 'Bananas', 'Cherries'], [5, 3, 8])". This will create a bar graph with bars representing the number of apples, bananas, and cherries.</s>,

<s>[INST] How do I save my plot as an image file? [/INST] You can save your plot as an image file using the plt.savefig() function. For example: "plt.savefig('my_plot.png')". This will save the current plot as a PNG image file named "my_plot.png" in the current working directory.</s>,

<s>[INST] How do I create a pie chart? [/INST] To create a pie chart, you can use the plt.pie() function. For example: "labels = ['Category A', 'Category B', 'Category C']", "sizes = [30, 40, 20]", "plt.pie(sizes, labels=labels, autopct='%1.1f%%')". This will create a pie chart showing the proportions of each category.</s>,

<s>[INST] How can I customize the font size and style of the text in my plot? [/INST] You can customize the font size and style using the plt.rcParams update dictionary. For example: "plt.rcParams.update({'font.size': 12, 'font.family': 'Arial'})". This will set the font size to 12 and the font family to Arial for all text elements in the plot.</s>,

<s>[INST] How do I create a scatter plot? [/INST] To create a scatter plot, you can use the plt.scatter() function. For example: "plt.scatter([1, 2, 3], [4, 5, 6], color='blue', marker='^')". This will create a scatter plot with blue triangular markers at the specified data points.</s>,
